service_id,monday,tuesday,wednesday,thursday,friday,saturday,sunday,start_date,end_date
G2511F_I2_001-01,0,0,0,0,0,0,0,20260501,20260501
G2511F_I2_001-02,0,0,0,0,0,0,0,20260501,20260501
G2511F_I2_001-03,0,0,0,0,0,0,0,20260501,20260501
G2511F_I2_001-04,0,0,0,0,0,0,0,20260501,20260501
G2511F_I2_001-05,0,0,0,0,0,0,0,20260501,20260501
G2511F_I2_001-06,0,0,0,0,0,0,0,20260501,20260501
G2511F_I2_001-07,0,0,0,0,0,0,0,20260501,20260501
G2511F_I2_001-08,0,0,0,0,0,0,0,20260501,20260501
G2511F_I2_001-09,0,0,0,0,0,0,0,20260501,20260501
G2511F_I2_001-10,0,0,0,0,0,0,0,20260501,20260501
G2511F_I2_002-01,0,0,0,0,0,0,0,20260501,20260501
G2511F_I2_002-02,0,0,0,0,0,0,0,20260501,20260501
G2511F_I2_002-03,0,0,0,0,0,0,0,20260501,20260501
G2511F_I2_002-04,0,0,0,0,0,0,0,20260501,20260501
G2511F_I2_003-01,0,0,0,0,0,0,0,20260501,20260501
G2511F_I2_003-02,0,0,0,0,0,0,0,20260501,20260501
G2511F_I2_003-03,0,0,0,0,0,0,0,20260501,20260501
G2511F_I2_003-04,0,0,0,0,0,0,0,20260501,20260501
G2511F_I2_003-05,0,0,0,0,0,0,0,20260501,20260501
G2511F_I2_003-06,0,0,0,0,0,0,0,20260501,20260501
G2511F_I2_003-07,0,0,0,0,0,0,0,20260501,20260501
G2511F_I2_004-01,0,0,0,0,0,0,0,20260501,20260501
G2511F_I2_004-02,0,0,0,0,0,0,0,20260501,20260501
G2511F_I2_004-03,0,0,0,0,0,0,0,20260501,20260501
G2511F_I2_004-04,0,0,0,0,0,0,0,20260501,20260501
G2511F_I2_005-01,0,0,0,0,0,0,0,20260501,20260501
G2511F_I2_005-02,0,0,0,0,0,0,0,20260501,20260501
G2511F_I2_005-03,0,0,0,0,0,0,0,20260501,20260501
G2511F_I2_007-01,0,0,0,0,0,0,0,20260501,20260501
G2511F_I2_007-02,0,0,0,0,0,0,0,20260501,20260501
G2511F_I2_007-03,0,0,0,0,0,0,0,20260501,20260501
G2511F_I2_007-04,0,0,0,0,0,0,0,20260501,20260501
G2511F_I2_007-05,0,0,0,0,0,0,0,20260501,20260501
G2511F_I2_007-06,0,0,0,0,0,0,0,20260501,20260501
G2511F_I2_007-07,0,0,0,0,0,0,0,20260501,20260501
G2511F_I2_007-08,0,0,0,0,0,0,0,20260501,20260501
G2511F_I2_007-09,0,0,0,0,0,0,0,20260501,20260501
G2511F_I2_008-01,0,0,0,0,0,0,0,20260501,20260501
G2511F_I2_008-02,0,0,0,0,0,0,0,20260501,20260501
G2511F_I2_008-03,0,0,0,0,0,0,0,20260501,20260501
G2511F_I2_008-04,0,0,0,0,0,0,0,20260501,20260501
G2511F_I2_008-05,0,0,0,0,0,0,0,20260501,20260501
G2511F_I2_008-06,0,0,0,0,0,0,0,20260501,20260501
G2511F_I2_008-07,0,0,0,0,0,0,0,20260501,20260501
G2511F_I2_008-08,0,0,0,0,0,0,0,20260501,20260501
G2511F_I2_008-09,0,0,0,0,0,0,0,20260501,20260501
G2511F_I2_009-01,0,0,0,0,0,0,0,20260501,20260501
G2511F_I2_010-01,0,0,0,0,0,0,0,20260501,20260501
G2511F_I2_011-01,0,0,0,0,0,0,0,20260501,20260501
G2511F_I2_011-02,0,0,0,0,0,0,0,20260501,20260501
G2511F_I2_011-03,0,0,0,0,0,0,0,20260501,20260501
G2511F_I2_011-04,0,0,0,0,0,0,0,20260501,20260501
G2511F_I2_011-05,0,0,0,0,0,0,0,20260501,20260501
G2511F_I2_014-01,0,0,0,0,0,0,0,20260501,20260501
G2511F_I2_014-02,0,0,0,0,0,0,0,20260501,20260501
G2511F_I2_014-03,0,0,0,0,0,0,0,20260501,20260501
G2511F_I2_014-04,0,0,0,0,0,0,0,20260501,20260501
G2511F_I2_015-01,0,0,0,0,0,0,0,20260501,20260501
G2511F_I2_015-02,0,0,0,0,0,0,0,20260501,20260501
G2511F_I2_015-03,0,0,0,0,0,0,0,20260501,20260501
G2511F_I2_015-04,0,0,0,0,0,0,0,20260501,20260501
G2511F_I2_015-05,0,0,0,0,0,0,0,20260501,20260501
G2511F_I2_015-06,0,0,0,0,0,0,0,20260501,20260501
G2511F_I2_015-07,0,0,0,0,0,0,0,20260501,20260501
G2511F_I2_015-08,0,0,0,0,0,0,0,20260501,20260501
G2511F_I2_015-09,0,0,0,0,0,0,0,20260501,20260501
G2511F_I2_015-10,0,0,0,0,0,0,0,20260501,20260501
G2511F_I2_017-01,0,0,0,0,0,0,0,20260501,20260501
G2511F_I2_017-02,0,0,0,0,0,0,0,20260501,20260501
G2511F_I2_017-03,0,0,0,0,0,0,0,20260501,20260501
G2511F_I2_017-04,0,0,0,0,0,0,0,20260501,20260501
G2511F_I2_018-01,0,0,0,0,0,0,0,20260501,20260501
G2511F_I2_018-02,0,0,0,0,0,0,0,20260501,20260501
G2511F_I2_018-03,0,0,0,0,0,0,0,20260501,20260501
G2511F_I2_019-01,0,0,0,0,0,0,0,20260501,20260501
G2511F_I2_019-02,0,0,0,0,0,0,0,20260501,20260501
G2511F_I2_019-03,0,0,0,0,0,0,0,20260501,20260501
G2511F_I2_020-01,0,0,0,0,0,0,0,20260501,20260501
G2511F_I2_020-02,0,0,0,0,0,0,0,20260501,20260501
G2511F_I2_020-03,0,0,0,0,0,0,0,20260501,20260501
G2511F_I2_020-04,0,0,0,0,0,0,0,20260501,20260501
G2511F_I2_020-05,0,0,0,0,0,0,0,20260501,20260501
G2511F_I2_020-06,0,0,0,0,0,0,0,20260501,20260501
G2511F_I2_020-07,0,0,0,0,0,0,0,20260501,20260501
G2511F_I2_021-01,0,0,0,0,0,0,0,20260501,20260501
G2511F_I2_021-02,0,0,0,0,0,0,0,20260501,20260501
G2511F_I2_021-03,0,0,0,0,0,0,0,20260501,20260501
G2511F_I2_021-04,0,0,0,0,0,0,0,20260501,20260501
G2511F_I2_021-05,0,0,0,0,0,0,0,20260501,20260501
G2511F_I2_021-06,0,0,0,0,0,0,0,20260501,20260501
G2511F_I2_022-01,0,0,0,0,0,0,0,20260501,20260501
G2511F_I2_022-02,0,0,0,0,0,0,0,20260501,20260501
G2511F_I2_022-03,0,0,0,0,0,0,0,20260501,20260501
G2511F_I2_023-01,0,0,0,0,0,0,0,20260501,20260501
G2511F_I2_023-02,0,0,0,0,0,0,0,20260501,20260501
G2511F_I2_023-03,0,0,0,0,0,0,0,20260501,20260501
G2511F_I2_025-01,0,0,0,0,0,0,0,20260501,20260501
G2511F_I2_025-02,0,0,0,0,0,0,0,20260501,20260501
G2511F_I2_025-03,0,0,0,0,0,0,0,20260501,20260501
G2511F_I2_025-04,0,0,0,0,0,0,0,20260501,20260501
G2511F_I2_025-05,0,0,0,0,0,0,0,20260501,20260501
G2511F_I2_028-01,0,0,0,0,0,0,0,20260501,20260501
G2511F_I2_031-01,0,0,0,0,0,0,0,20260501,20260501
G2511F_I2_031-02,0,0,0,0,0,0,0,20260501,20260501
G2511F_I2_031-03,0,0,0,0,0,0,0,20260501,20260501
G2511F_I2_032-01,0,0,0,0,0,0,0,20260501,20260501
G2511F_I2_032-02,0,0,0,0,0,0,0,20260501,20260501
G2511F_I2_033-01,0,0,0,0,0,0,0,20260501,20260501
G2511F_I2_034-01,0,0,0,0,0,0,0,20260501,20260501
G2511F_I2_035-01,0,0,0,0,0,0,0,20260501,20260501
G2511F_I2_037-01,0,0,0,0,0,0,0,20260501,20260501
G2511F_I2_038-01,0,0,0,0,0,0,0,20260501,20260501
G2511F_I2_041-01,0,0,0,0,0,0,0,20260501,20260501
G2511F_I2_041-02,0,0,0,0,0,0,0,20260501,20260501
G2511F_I2_041-03,0,0,0,0,0,0,0,20260501,20260501
G2511F_I2_041-04,0,0,0,0,0,0,0,20260501,20260501
G2511F_I2_041-05,0,0,0,0,0,0,0,20260501,20260501
G2511F_I2_042-01,0,0,0,0,0,0,0,20260501,20260501
G2511F_I2_044-01,0,0,0,0,0,0,0,20260501,20260501
G2511F_I2_044-02,0,0,0,0,0,0,0,20260501,20260501
G2511F_I2_049-01,0,0,0,0,0,0,0,20260501,20260501
G2511F_I2_049-02,0,0,0,0,0,0,0,20260501,20260501
G2511F_I2_049-03,0,0,0,0,0,0,0,20260501,20260501
G2511F_I2_071-01,0,0,0,0,0,0,0,20260501,20260501
G2511F_I2_071-02,0,0,0,0,0,0,0,20260501,20260501
G2511F_I2_071-03,0,0,0,0,0,0,0,20260501,20260501
G2511F_I2_071-04,0,0,0,0,0,0,0,20260501,20260501
G2511F_I2_072-01,0,0,0,0,0,0,0,20260501,20260501
G2511F_I2_072-02,0,0,0,0,0,0,0,20260501,20260501
G2511F_I2_072-03,0,0,0,0,0,0,0,20260501,20260501
G2511F_I2_072-04,0,0,0,0,0,0,0,20260501,20260501
G2511F_I2_075-01,0,0,0,0,0,0,0,20260501,20260501
G2511F_I2_075-02,0,0,0,0,0,0,0,20260501,20260501
G2511F_I2_075-03,0,0,0,0,0,0,0,20260501,20260501
G2511F_I2_075-04,0,0,0,0,0,0,0,20260501,20260501
G2511F_I2_075-05,0,0,0,0,0,0,0,20260501,20260501
G2511F_I2_075-06,0,0,0,0,0,0,0,20260501,20260501
G2511F_I2_076-01,0,0,0,0,0,0,0,20260501,20260501
G2601L_A96_001-01,0,0,0,0,0,0,0,20260504,20260508
G2601L_A96_001-02,0,0,0,0,0,0,0,20260504,20260508
G2601L_A96_001-03,0,0,0,0,0,0,0,20260504,20260508
G2601L_A96_001-04,0,0,0,0,0,0,0,20260504,20260508
G2601L_A96_001-05,0,0,0,0,0,0,0,20260504,20260508
G2601L_A96_001-06,0,0,0,0,0,0,0,20260504,20260508
G2601L_A96_001-07,0,0,0,0,0,0,0,20260504,20260508
G2601L_A96_001-08,0,0,0,0,0,0,0,20260504,20260508
G2601L_A96_001-09,0,0,0,0,0,0,0,20260504,20260508
G2601L_A96_001-10,0,0,0,0,0,0,0,20260504,20260508
G2601L_A96_001-11,0,0,0,0,0,0,0,20260504,20260508
G2601L_A96_001-12,0,0,0,0,0,0,0,20260504,20260508
G2601L_A96_001-13,0,0,0,0,0,0,0,20260504,20260508
G2601L_A96_001-14,0,0,0,0,0,0,0,20260504,20260508
G2601L_A96_001-15,0,0,0,0,0,0,0,20260504,20260508
G2601L_A96_001-16,0,0,0,0,0,0,0,20260504,20260508
G2601L_A96_002-01,0,0,0,0,0,0,0,20260504,20260508
G2601L_A96_002-02,0,0,0,0,0,0,0,20260504,20260508
G2601L_A96_002-03,0,0,0,0,0,0,0,20260504,20260508
G2601L_A96_002-04,0,0,0,0,0,0,0,20260504,20260508
G2601L_A96_002-05,0,0,0,0,0,0,0,20260504,20260508
G2601L_A96_002-06,0,0,0,0,0,0,0,20260504,20260508
G2601L_A96_003-01,0,0,0,0,0,0,0,20260504,20260508
G2601L_A96_003-02,0,0,0,0,0,0,0,20260504,20260508
G2601L_A96_003-03,0,0,0,0,0,0,0,20260504,20260508
G2601L_A96_003-04,0,0,0,0,0,0,0,20260504,20260508
G2601L_A96_003-05,0,0,0,0,0,0,0,20260504,20260508
G2601L_A96_003-06,0,0,0,0,0,0,0,20260504,20260508
G2601L_A96_003-07,0,0,0,0,0,0,0,20260504,20260508
G2601L_A96_003-08,0,0,0,0,0,0,0,20260504,20260508
G2601L_A96_003-09,0,0,0,0,0,0,0,20260504,20260508
G2601L_A96_003-10,0,0,0,0,0,0,0,20260504,20260508
G2601L_A96_003-11,0,0,0,0,0,0,0,20260504,20260508
G2601L_A96_003-12,0,0,0,0,0,0,0,20260504,20260508
G2601L_A96_004-01,0,0,0,0,0,0,0,20260504,20260508
G2601L_A96_004-02,0,0,0,0,0,0,0,20260504,20260508
G2601L_A96_004-03,0,0,0,0,0,0,0,20260504,20260508
G2601L_A96_004-04,0,0,0,0,0,0,0,20260504,20260508
G2601L_A96_004-05,0,0,0,0,0,0,0,20260504,20260508
G2601L_A96_004-06,0,0,0,0,0,0,0,20260504,20260508
G2601L_A96_005-01,0,0,0,0,0,0,0,20260504,20260508
G2601L_A96_005-02,0,0,0,0,0,0,0,20260504,20260508
G2601L_A96_005-03,0,0,0,0,0,0,0,20260504,20260508
G2601L_A96_007-01,0,0,0,0,0,0,0,20260504,20260508
G2601L_A96_007-02,0,0,0,0,0,0,0,20260504,20260508
G2601L_A96_007-03,0,0,0,0,0,0,0,20260504,20260508
G2601L_A96_007-04,0,0,0,0,0,0,0,20260504,20260508
G2601L_A96_007-05,0,0,0,0,0,0,0,20260504,20260508
G2601L_A96_007-06,0,0,0,0,0,0,0,20260504,20260508
G2601L_A96_007-07,0,0,0,0,0,0,0,20260504,20260508
G2601L_A96_007-08,0,0,0,0,0,0,0,20260504,20260508
G2601L_A96_007-09,0,0,0,0,0,0,0,20260504,20260508
G2601L_A96_007-10,0,0,0,0,0,0,0,20260504,20260508
G2601L_A96_007-11,0,0,0,0,0,0,0,20260504,20260508
G2601L_A96_007-12,0,0,0,0,0,0,0,20260504,20260508
G2601L_A96_007-13,0,0,0,0,0,0,0,20260504,20260508
G2601L_A96_007-14,0,0,0,0,0,0,0,20260504,20260508
G2601L_A96_008-01,0,0,0,0,0,0,0,20260504,20260508
G2601L_A96_008-02,0,0,0,0,0,0,0,20260504,20260508
G2601L_A96_008-03,0,0,0,0,0,0,0,20260504,20260508
G2601L_A96_008-04,0,0,0,0,0,0,0,20260504,20260508
G2601L_A96_008-05,0,0,0,0,0,0,0,20260504,20260508
G2601L_A96_008-06,0,0,0,0,0,0,0,20260504,20260508
G2601L_A96_008-07,0,0,0,0,0,0,0,20260504,20260508
G2601L_A96_008-08,0,0,0,0,0,0,0,20260504,20260508
G2601L_A96_008-09,0,0,0,0,0,0,0,20260504,20260508
G2601L_A96_008-10,0,0,0,0,0,0,0,20260504,20260508
G2601L_A96_008-11,0,0,0,0,0,0,0,20260504,20260508
G2601L_A96_009-01,0,0,0,0,0,0,0,20260504,20260508
G2601L_A96_009-02,0,0,0,0,0,0,0,20260504,20260508
G2601L_A96_010-01,0,0,0,0,0,0,0,20260504,20260508
G2601L_A96_010-02,0,0,0,0,0,0,0,20260504,20260508
G2601L_A96_011-01,0,0,0,0,0,0,0,20260504,20260508
G2601L_A96_011-02,0,0,0,0,0,0,0,20260504,20260508
G2601L_A96_011-03,0,0,0,0,0,0,0,20260504,20260508
G2601L_A96_011-04,0,0,0,0,0,0,0,20260504,20260508
G2601L_A96_011-05,0,0,0,0,0,0,0,20260504,20260508
G2601L_A96_011-06,0,0,0,0,0,0,0,20260504,20260508
G2601L_A96_011-07,0,0,0,0,0,0,0,20260504,20260508
G2601L_A96_011-08,0,0,0,0,0,0,0,20260504,20260508
G2601L_A96_011-09,0,0,0,0,0,0,0,20260504,20260508
G2601L_A96_011-10,0,0,0,0,0,0,0,20260504,20260508
G2601L_A96_011-11,0,0,0,0,0,0,0,20260504,20260508
G2601L_A96_011-12,0,0,0,0,0,0,0,20260504,20260508
G2601L_A96_014-01,0,0,0,0,0,0,0,20260504,20260508
G2601L_A96_014-02,0,0,0,0,0,0,0,20260504,20260508
G2601L_A96_014-03,0,0,0,0,0,0,0,20260504,20260508
G2601L_A96_014-04,0,0,0,0,0,0,0,20260504,20260508
G2601L_A96_014-05,0,0,0,0,0,0,0,20260504,20260508
G2601L_A96_015-01,0,0,0,0,0,0,0,20260504,20260508
G2601L_A96_015-02,0,0,0,0,0,0,0,20260504,20260508
G2601L_A96_015-03,0,0,0,0,0,0,0,20260504,20260508
G2601L_A96_015-04,0,0,0,0,0,0,0,20260504,20260508
G2601L_A96_015-05,0,0,0,0,0,0,0,20260504,20260508
G2601L_A96_015-06,0,0,0,0,0,0,0,20260504,20260508
G2601L_A96_015-07,0,0,0,0,0,0,0,20260504,20260508
G2601L_A96_015-08,0,0,0,0,0,0,0,20260504,20260508
G2601L_A96_015-09,0,0,0,0,0,0,0,20260504,20260508
G2601L_A96_015-10,0,0,0,0,0,0,0,20260504,20260508
G2601L_A96_015-11,0,0,0,0,0,0,0,20260504,20260508
G2601L_A96_015-12,0,0,0,0,0,0,0,20260504,20260508
G2601L_A96_015-13,0,0,0,0,0,0,0,20260504,20260508
G2601L_A96_015-14,0,0,0,0,0,0,0,20260504,20260508
G2601L_A96_015-15,0,0,0,0,0,0,0,20260504,20260508
G2601L_A96_015-16,0,0,0,0,0,0,0,20260504,20260508
G2601L_A96_015-17,0,0,0,0,0,0,0,20260504,20260508
G2601L_A96_017-01,0,0,0,0,0,0,0,20260504,20260508
G2601L_A96_017-02,0,0,0,0,0,0,0,20260504,20260508
G2601L_A96_017-03,0,0,0,0,0,0,0,20260504,20260508
G2601L_A96_017-04,0,0,0,0,0,0,0,20260504,20260508
G2601L_A96_017-05,0,0,0,0,0,0,0,20260504,20260508
G2601L_A96_018-01,0,0,0,0,0,0,0,20260504,20260508
G2601L_A96_018-02,0,0,0,0,0,0,0,20260504,20260508
G2601L_A96_018-03,0,0,0,0,0,0,0,20260504,20260508
G2601L_A96_018-04,0,0,0,0,0,0,0,20260504,20260508
G2601L_A96_018-05,0,0,0,0,0,0,0,20260504,20260508
G2601L_A96_018-06,0,0,0,0,0,0,0,20260504,20260508
G2601L_A96_018-07,0,0,0,0,0,0,0,20260504,20260508
G2601L_A96_018-08,0,0,0,0,0,0,0,20260504,20260508
G2601L_A96_019-01,0,0,0,0,0,0,0,20260504,20260508
G2601L_A96_019-02,0,0,0,0,0,0,0,20260504,20260508
G2601L_A96_019-03,0,0,0,0,0,0,0,20260504,20260508
G2601L_A96_019-04,0,0,0,0,0,0,0,20260504,20260508
G2601L_A96_019-05,0,0,0,0,0,0,0,20260504,20260508
G2601L_A96_019-06,0,0,0,0,0,0,0,20260504,20260508
G2601L_A96_020-01,0,0,0,0,0,0,0,20260504,20260508
G2601L_A96_020-02,0,0,0,0,0,0,0,20260504,20260508
G2601L_A96_020-03,0,0,0,0,0,0,0,20260504,20260508
G2601L_A96_020-04,0,0,0,0,0,0,0,20260504,20260508
G2601L_A96_020-05,0,0,0,0,0,0,0,20260504,20260508
G2601L_A96_020-06,0,0,0,0,0,0,0,20260504,20260508
G2601L_A96_020-07,0,0,0,0,0,0,0,20260504,20260508
G2601L_A96_020-08,0,0,0,0,0,0,0,20260504,20260508
G2601L_A96_020-09,0,0,0,0,0,0,0,20260504,20260508
G2601L_A96_020-10,0,0,0,0,0,0,0,20260504,20260508
G2601L_A96_020-11,0,0,0,0,0,0,0,20260504,20260508
G2601L_A96_020-12,0,0,0,0,0,0,0,20260504,20260508
G2601L_A96_020-13,0,0,0,0,0,0,0,20260504,20260508
G2601L_A96_020-14,0,0,0,0,0,0,0,20260504,20260508
G2601L_A96_021-01,0,0,0,0,0,0,0,20260504,20260508
G2601L_A96_021-02,0,0,0,0,0,0,0,20260504,20260508
G2601L_A96_021-03,0,0,0,0,0,0,0,20260504,20260508
G2601L_A96_021-04,0,0,0,0,0,0,0,20260504,20260508
G2601L_A96_021-05,0,0,0,0,0,0,0,20260504,20260508
G2601L_A96_021-06,0,0,0,0,0,0,0,20260504,20260508
G2601L_A96_021-07,0,0,0,0,0,0,0,20260504,20260508
G2601L_A96_021-08,0,0,0,0,0,0,0,20260504,20260508
G2601L_A96_021-09,0,0,0,0,0,0,0,20260504,20260508
G2601L_A96_021-10,0,0,0,0,0,0,0,20260504,20260508
G2601L_A96_021-11,0,0,0,0,0,0,0,20260504,20260508
G2601L_A96_021-12,0,0,0,0,0,0,0,20260504,20260508
G2601L_A96_022-01,0,0,0,0,0,0,0,20260504,20260508
G2601L_A96_022-02,0,0,0,0,0,0,0,20260504,20260508
G2601L_A96_022-03,0,0,0,0,0,0,0,20260504,20260508
G2601L_A96_022-04,0,0,0,0,0,0,0,20260504,20260508
G2601L_A96_022-05,0,0,0,0,0,0,0,20260504,20260508
G2601L_A96_022-06,0,0,0,0,0,0,0,20260504,20260508
G2601L_A96_022-07,0,0,0,0,0,0,0,20260504,20260508
G2601L_A96_023-01,0,0,0,0,0,0,0,20260504,20260508
G2601L_A96_023-02,0,0,0,0,0,0,0,20260504,20260508
G2601L_A96_023-03,0,0,0,0,0,0,0,20260504,20260508
G2601L_A96_023-04,0,0,0,0,0,0,0,20260504,20260508
G2601L_A96_025-01,0,0,0,0,0,0,0,20260504,20260508
G2601L_A96_025-02,0,0,0,0,0,0,0,20260504,20260508
G2601L_A96_025-03,0,0,0,0,0,0,0,20260504,20260508
G2601L_A96_025-04,0,0,0,0,0,0,0,20260504,20260508
G2601L_A96_025-05,0,0,0,0,0,0,0,20260504,20260508
G2601L_A96_025-06,0,0,0,0,0,0,0,20260504,20260508
G2601L_A96_025-07,0,0,0,0,0,0,0,20260504,20260508
G2601L_A96_025-08,0,0,0,0,0,0,0,20260504,20260508
G2601L_A96_025-09,0,0,0,0,0,0,0,20260504,20260508
G2601L_A96_025-10,0,0,0,0,0,0,0,20260504,20260508
G2601L_A96_025-11,0,0,0,0,0,0,0,20260504,20260508
G2601L_A96_025-12,0,0,0,0,0,0,0,20260504,20260508
G2601L_A96_027-01,0,0,0,0,0,0,0,20260504,20260508
G2601L_A96_028-01,0,0,0,0,0,0,0,20260504,20260508
G2601L_A96_029-01,0,0,0,0,0,0,0,20260504,20260508
G2601L_A96_029-02,0,0,0,0,0,0,0,20260504,20260508
G2601L_A96_030-01,0,0,0,0,0,0,0,20260504,20260508
G2601L_A96_030-02,0,0,0,0,0,0,0,20260504,20260508
G2601L_A96_031-01,0,0,0,0,0,0,0,20260504,20260508
G2601L_A96_031-02,0,0,0,0,0,0,0,20260504,20260508
G2601L_A96_031-03,0,0,0,0,0,0,0,20260504,20260508
G2601L_A96_031-04,0,0,0,0,0,0,0,20260504,20260508
G2601L_A96_032-01,0,0,0,0,0,0,0,20260504,20260508
G2601L_A96_032-02,0,0,0,0,0,0,0,20260504,20260508
G2601L_A96_032-03,0,0,0,0,0,0,0,20260504,20260508
G2601L_A96_032-04,0,0,0,0,0,0,0,20260504,20260508
G2601L_A96_033-01,0,0,0,0,0,0,0,20260504,20260508
G2601L_A96_033-02,0,0,0,0,0,0,0,20260504,20260508
G2601L_A96_033-03,0,0,0,0,0,0,0,20260504,20260508
G2601L_A96_033-04,0,0,0,0,0,0,0,20260504,20260508
G2601L_A96_034-01,0,0,0,0,0,0,0,20260504,20260508
G2601L_A96_034-02,0,0,0,0,0,0,0,20260504,20260508
G2601L_A96_035-01,0,0,0,0,0,0,0,20260504,20260508
G2601L_A96_036-01,0,0,0,0,0,0,0,20260504,20260508
G2601L_A96_037-01,0,0,0,0,0,0,0,20260504,20260508
G2601L_A96_037-02,0,0,0,0,0,0,0,20260504,20260508
G2601L_A96_037-03,0,0,0,0,0,0,0,20260504,20260508
G2601L_A96_038-01,0,0,0,0,0,0,0,20260504,20260508
G2601L_A96_038-02,0,0,0,0,0,0,0,20260504,20260508
G2601L_A96_040-01,0,0,0,0,0,0,0,20260504,20260508
G2601L_A96_041-01,0,0,0,0,0,0,0,20260504,20260508
G2601L_A96_041-02,0,0,0,0,0,0,0,20260504,20260508
G2601L_A96_041-03,0,0,0,0,0,0,0,20260504,20260508
G2601L_A96_041-04,0,0,0,0,0,0,0,20260504,20260508
G2601L_A96_041-05,0,0,0,0,0,0,0,20260504,20260508
G2601L_A96_042-01,0,0,0,0,0,0,0,20260504,20260508
G2601L_A96_043-01,0,0,0,0,0,0,0,20260504,20260508
G2601L_A96_044-01,0,0,0,0,0,0,0,20260504,20260508
G2601L_A96_044-02,0,0,0,0,0,0,0,20260504,20260508
G2601L_A96_044-03,0,0,0,0,0,0,0,20260504,20260508
G2601L_A96_049-01,0,0,0,0,0,0,0,20260504,20260508
G2601L_A96_049-02,0,0,0,0,0,0,0,20260504,20260508
G2601L_A96_049-03,0,0,0,0,0,0,0,20260504,20260508
G2601L_A96_062-01,0,0,0,0,0,0,0,20260504,20260508
G2601L_A96_062-02,0,0,0,0,0,0,0,20260504,20260508
G2601L_A96_062-03,0,0,0,0,0,0,0,20260504,20260508
G2601L_A96_065-01,0,0,0,0,0,0,0,20260504,20260508
G2601L_A96_065-02,0,0,0,0,0,0,0,20260504,20260508
G2601L_A96_065-03,0,0,0,0,0,0,0,20260504,20260508
G2601L_A96_065-04,0,0,0,0,0,0,0,20260504,20260508
G2601L_A96_070-01,0,0,0,0,0,0,0,20260504,20260508
G2601L_A96_070-02,0,0,0,0,0,0,0,20260504,20260508
G2601L_A96_070-03,0,0,0,0,0,0,0,20260504,20260508
G2601L_A96_071-01,0,0,0,0,0,0,0,20260504,20260508
G2601L_A96_071-02,0,0,0,0,0,0,0,20260504,20260508
G2601L_A96_071-03,0,0,0,0,0,0,0,20260504,20260508
G2601L_A96_071-04,0,0,0,0,0,0,0,20260504,20260508
G2601L_A96_071-05,0,0,0,0,0,0,0,20260504,20260508
G2601L_A96_072-01,0,0,0,0,0,0,0,20260504,20260508
G2601L_A96_072-02,0,0,0,0,0,0,0,20260504,20260508
G2601L_A96_072-03,0,0,0,0,0,0,0,20260504,20260508
G2601L_A96_072-04,0,0,0,0,0,0,0,20260504,20260508
G2601L_A96_072-05,0,0,0,0,0,0,0,20260504,20260508
G2601L_A96_073-01,0,0,0,0,0,0,0,20260504,20260508
G2601L_A96_073-02,0,0,0,0,0,0,0,20260504,20260508
G2601L_A96_075-01,0,0,0,0,0,0,0,20260504,20260508
G2601L_A96_075-02,0,0,0,0,0,0,0,20260504,20260508
G2601L_A96_075-03,0,0,0,0,0,0,0,20260504,20260508
G2601L_A96_075-04,0,0,0,0,0,0,0,20260504,20260508
G2601L_A96_075-05,0,0,0,0,0,0,0,20260504,20260508
G2601L_A96_076-01,0,0,0,0,0,0,0,20260504,20260508
G2601L_A96_078-01,0,0,0,0,0,0,0,20260504,20260508
G2601S_B5_001-01,0,0,0,0,0,0,0,20260516,20260516
G2601S_B5_001-02,0,0,0,0,0,0,0,20260516,20260516
G2601S_B5_001-03,0,0,0,0,0,0,0,20260516,20260516
G2601S_B5_001-04,0,0,0,0,0,0,0,20260516,20260516
G2601S_B5_001-05,0,0,0,0,0,0,0,20260516,20260516
G2601S_B5_001-06,0,0,0,0,0,0,0,20260516,20260516
G2601S_B5_001-07,0,0,0,0,0,0,0,20260516,20260516
G2601S_B5_001-08,0,0,0,0,0,0,0,20260516,20260516
G2601S_B5_001-09,0,0,0,0,0,0,0,20260516,20260516
G2601S_B5_001-10,0,0,0,0,0,0,0,20260516,20260516
G2601S_B5_001-11,0,0,0,0,0,0,0,20260516,20260516
G2601S_B5_001-12,0,0,0,0,0,0,0,20260516,20260516
G2601S_B5_001-13,0,0,0,0,0,0,0,20260516,20260516
G2601S_B5_002-01,0,0,0,0,0,0,0,20260516,20260516
G2601S_B5_002-02,0,0,0,0,0,0,0,20260516,20260516
G2601S_B5_002-03,0,0,0,0,0,0,0,20260516,20260516
G2601S_B5_002-04,0,0,0,0,0,0,0,20260516,20260516
G2601S_B5_003-01,0,0,0,0,0,0,0,20260516,20260516
G2601S_B5_003-02,0,0,0,0,0,0,0,20260516,20260516
G2601S_B5_003-03,0,0,0,0,0,0,0,20260516,20260516
G2601S_B5_003-04,0,0,0,0,0,0,0,20260516,20260516
G2601S_B5_003-05,0,0,0,0,0,0,0,20260516,20260516
G2601S_B5_003-06,0,0,0,0,0,0,0,20260516,20260516
G2601S_B5_003-07,0,0,0,0,0,0,0,20260516,20260516
G2601S_B5_003-08,0,0,0,0,0,0,0,20260516,20260516
G2601S_B5_004-01,0,0,0,0,0,0,0,20260516,20260516
G2601S_B5_004-02,0,0,0,0,0,0,0,20260516,20260516
G2601S_B5_004-03,0,0,0,0,0,0,0,20260516,20260516
G2601S_B5_004-04,0,0,0,0,0,0,0,20260516,20260516
G2601S_B5_005-01,0,0,0,0,0,0,0,20260516,20260516
G2601S_B5_005-02,0,0,0,0,0,0,0,20260516,20260516
G2601S_B5_005-03,0,0,0,0,0,0,0,20260516,20260516
G2601S_B5_007-01,0,0,0,0,0,0,0,20260516,20260516
G2601S_B5_007-02,0,0,0,0,0,0,0,20260516,20260516
G2601S_B5_007-03,0,0,0,0,0,0,0,20260516,20260516
G2601S_B5_007-04,0,0,0,0,0,0,0,20260516,20260516
G2601S_B5_007-05,0,0,0,0,0,0,0,20260516,20260516
G2601S_B5_007-06,0,0,0,0,0,0,0,20260516,20260516
G2601S_B5_007-07,0,0,0,0,0,0,0,20260516,20260516
G2601S_B5_007-08,0,0,0,0,0,0,0,20260516,20260516
G2601S_B5_007-09,0,0,0,0,0,0,0,20260516,20260516
G2601S_B5_007-10,0,0,0,0,0,0,0,20260516,20260516
G2601S_B5_008-01,0,0,0,0,0,0,0,20260516,20260516
G2601S_B5_008-02,0,0,0,0,0,0,0,20260516,20260516
G2601S_B5_008-03,0,0,0,0,0,0,0,20260516,20260516
G2601S_B5_008-04,0,0,0,0,0,0,0,20260516,20260516
G2601S_B5_008-05,0,0,0,0,0,0,0,20260516,20260516
G2601S_B5_008-06,0,0,0,0,0,0,0,20260516,20260516
G2601S_B5_008-07,0,0,0,0,0,0,0,20260516,20260516
G2601S_B5_008-08,0,0,0,0,0,0,0,20260516,20260516
G2601S_B5_009-01,0,0,0,0,0,0,0,20260516,20260516
G2601S_B5_010-01,0,0,0,0,0,0,0,20260516,20260516
G2601S_B5_010-02,0,0,0,0,0,0,0,20260516,20260516
G2601S_B5_011-01,0,0,0,0,0,0,0,20260516,20260516
G2601S_B5_011-02,0,0,0,0,0,0,0,20260516,20260516
G2601S_B5_011-03,0,0,0,0,0,0,0,20260516,20260516
G2601S_B5_011-04,0,0,0,0,0,0,0,20260516,20260516
G2601S_B5_011-05,0,0,0,0,0,0,0,20260516,20260516
G2601S_B5_011-06,0,0,0,0,0,0,0,20260516,20260516
G2601S_B5_011-07,0,0,0,0,0,0,0,20260516,20260516
G2601S_B5_011-08,0,0,0,0,0,0,0,20260516,20260516
G2601S_B5_014-01,0,0,0,0,0,0,0,20260516,20260516
G2601S_B5_014-02,0,0,0,0,0,0,0,20260516,20260516
G2601S_B5_014-03,0,0,0,0,0,0,0,20260516,20260516
G2601S_B5_014-04,0,0,0,0,0,0,0,20260516,20260516
G2601S_B5_014-05,0,0,0,0,0,0,0,20260516,20260516
G2601S_B5_015-01,0,0,0,0,0,0,0,20260516,20260516
G2601S_B5_015-02,0,0,0,0,0,0,0,20260516,20260516
G2601S_B5_015-03,0,0,0,0,0,0,0,20260516,20260516
G2601S_B5_015-04,0,0,0,0,0,0,0,20260516,20260516
G2601S_B5_015-05,0,0,0,0,0,0,0,20260516,20260516
G2601S_B5_015-06,0,0,0,0,0,0,0,20260516,20260516
G2601S_B5_015-07,0,0,0,0,0,0,0,20260516,20260516
G2601S_B5_015-08,0,0,0,0,0,0,0,20260516,20260516
G2601S_B5_017-01,0,0,0,0,0,0,0,20260516,20260516
G2601S_B5_017-02,0,0,0,0,0,0,0,20260516,20260516
G2601S_B5_017-03,0,0,0,0,0,0,0,20260516,20260516
G2601S_B5_017-04,0,0,0,0,0,0,0,20260516,20260516
G2601S_B5_018-01,0,0,0,0,0,0,0,20260516,20260516
G2601S_B5_018-02,0,0,0,0,0,0,0,20260516,20260516
G2601S_B5_018-03,0,0,0,0,0,0,0,20260516,20260516
G2601S_B5_019-01,0,0,0,0,0,0,0,20260516,20260516
G2601S_B5_019-02,0,0,0,0,0,0,0,20260516,20260516
G2601S_B5_019-03,0,0,0,0,0,0,0,20260516,20260516
G2601S_B5_020-01,0,0,0,0,0,0,0,20260516,20260516
G2601S_B5_020-02,0,0,0,0,0,0,0,20260516,20260516
G2601S_B5_020-03,0,0,0,0,0,0,0,20260516,20260516
G2601S_B5_020-04,0,0,0,0,0,0,0,20260516,20260516
G2601S_B5_020-05,0,0,0,0,0,0,0,20260516,20260516
G2601S_B5_020-06,0,0,0,0,0,0,0,20260516,20260516
G2601S_B5_020-07,0,0,0,0,0,0,0,20260516,20260516
G2601S_B5_020-08,0,0,0,0,0,0,0,20260516,20260516
G2601S_B5_020-09,0,0,0,0,0,0,0,20260516,20260516
G2601S_B5_021-01,0,0,0,0,0,0,0,20260516,20260516
G2601S_B5_021-02,0,0,0,0,0,0,0,20260516,20260516
G2601S_B5_021-03,0,0,0,0,0,0,0,20260516,20260516
G2601S_B5_021-04,0,0,0,0,0,0,0,20260516,20260516
G2601S_B5_021-05,0,0,0,0,0,0,0,20260516,20260516
G2601S_B5_021-06,0,0,0,0,0,0,0,20260516,20260516
G2601S_B5_021-07,0,0,0,0,0,0,0,20260516,20260516
G2601S_B5_022-01,0,0,0,0,0,0,0,20260516,20260516
G2601S_B5_022-02,0,0,0,0,0,0,0,20260516,20260516
G2601S_B5_022-03,0,0,0,0,0,0,0,20260516,20260516
G2601S_B5_022-04,0,0,0,0,0,0,0,20260516,20260516
G2601S_B5_023-01,0,0,0,0,0,0,0,20260516,20260516
G2601S_B5_023-02,0,0,0,0,0,0,0,20260516,20260516
G2601S_B5_023-03,0,0,0,0,0,0,0,20260516,20260516
G2601S_B5_025-01,0,0,0,0,0,0,0,20260516,20260516
G2601S_B5_025-02,0,0,0,0,0,0,0,20260516,20260516
G2601S_B5_025-03,0,0,0,0,0,0,0,20260516,20260516
G2601S_B5_025-04,0,0,0,0,0,0,0,20260516,20260516
G2601S_B5_027-01,0,0,0,0,0,0,0,20260516,20260516
G2601S_B5_028-01,0,0,0,0,0,0,0,20260516,20260516
G2601S_B5_030-01,0,0,0,0,0,0,0,20260516,20260516
G2601S_B5_031-01,0,0,0,0,0,0,0,20260516,20260516
G2601S_B5_031-02,0,0,0,0,0,0,0,20260516,20260516
G2601S_B5_031-03,0,0,0,0,0,0,0,20260516,20260516
G2601S_B5_032-01,0,0,0,0,0,0,0,20260516,20260516
G2601S_B5_032-02,0,0,0,0,0,0,0,20260516,20260516
G2601S_B5_033-01,0,0,0,0,0,0,0,20260516,20260516
G2601S_B5_033-02,0,0,0,0,0,0,0,20260516,20260516
G2601S_B5_034-01,0,0,0,0,0,0,0,20260516,20260516
G2601S_B5_035-01,0,0,0,0,0,0,0,20260516,20260516
G2601S_B5_036-01,0,0,0,0,0,0,0,20260516,20260516
G2601S_B5_037-01,0,0,0,0,0,0,0,20260516,20260516
G2601S_B5_038-01,0,0,0,0,0,0,0,20260516,20260516
G2601S_B5_038-02,0,0,0,0,0,0,0,20260516,20260516
G2601S_B5_041-01,0,0,0,0,0,0,0,20260516,20260516
G2601S_B5_041-02,0,0,0,0,0,0,0,20260516,20260516
G2601S_B5_041-03,0,0,0,0,0,0,0,20260516,20260516
G2601S_B5_041-04,0,0,0,0,0,0,0,20260516,20260516
G2601S_B5_041-05,0,0,0,0,0,0,0,20260516,20260516
G2601S_B5_042-01,0,0,0,0,0,0,0,20260516,20260516
G2601S_B5_043-01,0,0,0,0,0,0,0,20260516,20260516
G2601S_B5_044-01,0,0,0,0,0,0,0,20260516,20260516
G2601S_B5_044-02,0,0,0,0,0,0,0,20260516,20260516
G2601S_B5_044-03,0,0,0,0,0,0,0,20260516,20260516
G2601S_B5_049-01,0,0,0,0,0,0,0,20260516,20260516
G2601S_B5_049-02,0,0,0,0,0,0,0,20260516,20260516
G2601S_B5_049-03,0,0,0,0,0,0,0,20260516,20260516
G2601S_B5_062-01,0,0,0,0,0,0,0,20260516,20260516
G2601S_B5_071-01,0,0,0,0,0,0,0,20260516,20260516
G2601S_B5_071-02,0,0,0,0,0,0,0,20260516,20260516
G2601S_B5_071-03,0,0,0,0,0,0,0,20260516,20260516
G2601S_B5_072-01,0,0,0,0,0,0,0,20260516,20260516
G2601S_B5_072-02,0,0,0,0,0,0,0,20260516,20260516
G2601S_B5_072-03,0,0,0,0,0,0,0,20260516,20260516
G2601S_B5_073-01,0,0,0,0,0,0,0,20260516,20260516
G2601S_B5_075-01,0,0,0,0,0,0,0,20260516,20260516
G2601S_B5_075-02,0,0,0,0,0,0,0,20260516,20260516
G2601S_B5_075-03,0,0,0,0,0,0,0,20260516,20260516
G2601S_B5_075-04,0,0,0,0,0,0,0,20260516,20260516
G2601S_B5_075-05,0,0,0,0,0,0,0,20260516,20260516
G2601S_B5_075-06,0,0,0,0,0,0,0,20260516,20260516
G2601S_B5_076-01,0,0,0,0,0,0,0,20260516,20260516
G2604D_C1_001-01,0,0,0,0,0,0,0,20260503,20260628
G2604D_C1_001-02,0,0,0,0,0,0,0,20260503,20260628
G2604D_C1_001-03,0,0,0,0,0,0,0,20260503,20260628
G2604D_C1_001-04,0,0,0,0,0,0,0,20260503,20260628
G2604D_C1_001-05,0,0,0,0,0,0,0,20260503,20260628
G2604D_C1_001-06,0,0,0,0,0,0,0,20260503,20260628
G2604D_C1_001-07,0,0,0,0,0,0,0,20260503,20260628
G2604D_C1_001-08,0,0,0,0,0,0,0,20260503,20260628
G2604D_C1_001-09,0,0,0,0,0,0,0,20260503,20260628
G2604D_C1_002-01,0,0,0,0,0,0,0,20260503,20260628
G2604D_C1_002-02,0,0,0,0,0,0,0,20260503,20260628
G2604D_C1_002-03,0,0,0,0,0,0,0,20260503,20260628
G2604D_C1_002-04,0,0,0,0,0,0,0,20260503,20260628
G2604D_C1_003-01,0,0,0,0,0,0,0,20260503,20260628
G2604D_C1_003-02,0,0,0,0,0,0,0,20260503,20260628
G2604D_C1_003-03,0,0,0,0,0,0,0,20260503,20260628
G2604D_C1_003-04,0,0,0,0,0,0,0,20260503,20260628
G2604D_C1_003-05,0,0,0,0,0,0,0,20260503,20260628
G2604D_C1_003-06,0,0,0,0,0,0,0,20260503,20260628
G2604D_C1_004-01,0,0,0,0,0,0,0,20260503,20260628
G2604D_C1_004-02,0,0,0,0,0,0,0,20260503,20260628
G2604D_C1_004-03,0,0,0,0,0,0,0,20260503,20260628
G2604D_C1_004-04,0,0,0,0,0,0,0,20260503,20260628
G2604D_C1_005-01,0,0,0,0,0,0,0,20260503,20260628
G2604D_C1_005-02,0,0,0,0,0,0,0,20260503,20260628
G2604D_C1_005-03,0,0,0,0,0,0,0,20260503,20260628
G2604D_C1_007-01,0,0,0,0,0,0,0,20260503,20260628
G2604D_C1_007-02,0,0,0,0,0,0,0,20260503,20260628
G2604D_C1_007-03,0,0,0,0,0,0,0,20260503,20260628
G2604D_C1_007-04,0,0,0,0,0,0,0,20260503,20260628
G2604D_C1_007-05,0,0,0,0,0,0,0,20260503,20260628
G2604D_C1_007-06,0,0,0,0,0,0,0,20260503,20260628
G2604D_C1_007-07,0,0,0,0,0,0,0,20260503,20260628
G2604D_C1_007-08,0,0,0,0,0,0,0,20260503,20260628
G2604D_C1_008-01,0,0,0,0,0,0,0,20260503,20260628
G2604D_C1_008-02,0,0,0,0,0,0,0,20260503,20260628
G2604D_C1_008-03,0,0,0,0,0,0,0,20260503,20260628
G2604D_C1_008-04,0,0,0,0,0,0,0,20260503,20260628
G2604D_C1_008-05,0,0,0,0,0,0,0,20260503,20260628
G2604D_C1_008-06,0,0,0,0,0,0,0,20260503,20260628
G2604D_C1_008-07,0,0,0,0,0,0,0,20260503,20260628
G2604D_C1_009-01,0,0,0,0,0,0,0,20260503,20260628
G2604D_C1_010-01,0,0,0,0,0,0,0,20260503,20260628
G2604D_C1_011-01,0,0,0,0,0,0,0,20260503,20260628
G2604D_C1_011-02,0,0,0,0,0,0,0,20260503,20260628
G2604D_C1_011-03,0,0,0,0,0,0,0,20260503,20260628
G2604D_C1_011-04,0,0,0,0,0,0,0,20260503,20260628
G2604D_C1_011-05,0,0,0,0,0,0,0,20260503,20260628
G2604D_C1_014-01,0,0,0,0,0,0,0,20260503,20260628
G2604D_C1_014-02,0,0,0,0,0,0,0,20260503,20260628
G2604D_C1_014-03,0,0,0,0,0,0,0,20260503,20260628
G2604D_C1_014-04,0,0,0,0,0,0,0,20260503,20260628
G2604D_C1_015-01,0,0,0,0,0,0,0,20260503,20260628
G2604D_C1_015-02,0,0,0,0,0,0,0,20260503,20260628
G2604D_C1_015-03,0,0,0,0,0,0,0,20260503,20260628
G2604D_C1_015-04,0,0,0,0,0,0,0,20260503,20260628
G2604D_C1_015-05,0,0,0,0,0,0,0,20260503,20260628
G2604D_C1_015-06,0,0,0,0,0,0,0,20260503,20260628
G2604D_C1_015-07,0,0,0,0,0,0,0,20260503,20260628
G2604D_C1_015-08,0,0,0,0,0,0,0,20260503,20260628
G2604D_C1_015-09,0,0,0,0,0,0,0,20260503,20260628
G2604D_C1_015-10,0,0,0,0,0,0,0,20260503,20260628
G2604D_C1_017-01,0,0,0,0,0,0,0,20260503,20260628
G2604D_C1_017-02,0,0,0,0,0,0,0,20260503,20260628
G2604D_C1_017-03,0,0,0,0,0,0,0,20260503,20260628
G2604D_C1_017-04,0,0,0,0,0,0,0,20260503,20260628
G2604D_C1_018-01,0,0,0,0,0,0,0,20260503,20260628
G2604D_C1_018-02,0,0,0,0,0,0,0,20260503,20260628
G2604D_C1_018-03,0,0,0,0,0,0,0,20260503,20260628
G2604D_C1_019-01,0,0,0,0,0,0,0,20260503,20260628
G2604D_C1_019-02,0,0,0,0,0,0,0,20260503,20260628
G2604D_C1_019-03,0,0,0,0,0,0,0,20260503,20260628
G2604D_C1_020-01,0,0,0,0,0,0,0,20260503,20260628
G2604D_C1_020-02,0,0,0,0,0,0,0,20260503,20260628
G2604D_C1_020-03,0,0,0,0,0,0,0,20260503,20260628
G2604D_C1_020-04,0,0,0,0,0,0,0,20260503,20260628
G2604D_C1_020-05,0,0,0,0,0,0,0,20260503,20260628
G2604D_C1_020-06,0,0,0,0,0,0,0,20260503,20260628
G2604D_C1_020-07,0,0,0,0,0,0,0,20260503,20260628
G2604D_C1_020-08,0,0,0,0,0,0,0,20260503,20260628
G2604D_C1_020-09,0,0,0,0,0,0,0,20260503,20260628
G2604D_C1_020-10,0,0,0,0,0,0,0,20260503,20260628
G2604D_C1_020-11,0,0,0,0,0,0,0,20260503,20260628
G2604D_C1_020-12,0,0,0,0,0,0,0,20260503,20260628
G2604D_C1_020-13,0,0,0,0,0,0,0,20260503,20260628
G2604D_C1_020-14,0,0,0,0,0,0,0,20260503,20260628
G2604D_C1_020-15,0,0,0,0,0,0,0,20260503,20260628
G2604D_C1_020-16,0,0,0,0,0,0,0,20260503,20260628
G2604D_C1_020-17,0,0,0,0,0,0,0,20260503,20260628
G2604D_C1_020-18,0,0,0,0,0,0,0,20260503,20260628
G2604D_C1_020-19,0,0,0,0,0,0,0,20260503,20260628
G2604D_C1_020-20,0,0,0,0,0,0,0,20260503,20260628
G2604D_C1_020-21,0,0,0,0,0,0,0,20260503,20260628
G2604D_C1_020-22,0,0,0,0,0,0,0,20260503,20260628
G2604D_C1_020-23,0,0,0,0,0,0,0,20260503,20260628
G2604D_C1_020-24,0,0,0,0,0,0,0,20260503,20260628
G2604D_C1_021-01,0,0,0,0,0,0,0,20260503,20260628
G2604D_C1_021-02,0,0,0,0,0,0,0,20260503,20260628
G2604D_C1_021-03,0,0,0,0,0,0,0,20260503,20260628
G2604D_C1_021-04,0,0,0,0,0,0,0,20260503,20260628
G2604D_C1_021-05,0,0,0,0,0,0,0,20260503,20260628
G2604D_C1_022-01,0,0,0,0,0,0,0,20260503,20260628
G2604D_C1_022-02,0,0,0,0,0,0,0,20260503,20260628
G2604D_C1_022-03,0,0,0,0,0,0,0,20260503,20260628
G2604D_C1_023-01,0,0,0,0,0,0,0,20260503,20260628
G2604D_C1_023-02,0,0,0,0,0,0,0,20260503,20260628
G2604D_C1_023-03,0,0,0,0,0,0,0,20260503,20260628
G2604D_C1_025-01,0,0,0,0,0,0,0,20260503,20260628
G2604D_C1_025-02,0,0,0,0,0,0,0,20260503,20260628
G2604D_C1_025-03,0,0,0,0,0,0,0,20260503,20260628
G2604D_C1_028-01,0,0,0,0,0,0,0,20260503,20260628
G2604D_C1_031-01,0,0,0,0,0,0,0,20260503,20260628
G2604D_C1_031-02,0,0,0,0,0,0,0,20260503,20260628
G2604D_C1_031-03,0,0,0,0,0,0,0,20260503,20260628
G2604D_C1_032-01,0,0,0,0,0,0,0,20260503,20260628
G2604D_C1_032-02,0,0,0,0,0,0,0,20260503,20260628
G2604D_C1_033-01,0,0,0,0,0,0,0,20260503,20260628
G2604D_C1_034-01,0,0,0,0,0,0,0,20260503,20260628
G2604D_C1_035-01,0,0,0,0,0,0,0,20260503,20260628
G2604D_C1_037-01,0,0,0,0,0,0,0,20260503,20260628
G2604D_C1_038-01,0,0,0,0,0,0,0,20260503,20260628
G2604D_C1_041-01,0,0,0,0,0,0,0,20260503,20260628
G2604D_C1_041-02,0,0,0,0,0,0,0,20260503,20260628
G2604D_C1_041-03,0,0,0,0,0,0,0,20260503,20260628
G2604D_C1_041-04,0,0,0,0,0,0,0,20260503,20260628
G2604D_C1_041-05,0,0,0,0,0,0,0,20260503,20260628
G2604D_C1_042-01,0,0,0,0,0,0,0,20260503,20260628
G2604D_C1_044-01,0,0,0,0,0,0,0,20260503,20260628
G2604D_C1_044-02,0,0,0,0,0,0,0,20260503,20260628
G2604D_C1_049-01,0,0,0,0,0,0,0,20260503,20260628
G2604D_C1_049-02,0,0,0,0,0,0,0,20260503,20260628
G2604D_C1_049-03,0,0,0,0,0,0,0,20260503,20260628
G2604D_C1_071-01,0,0,0,0,0,0,0,20260503,20260628
G2604D_C1_071-02,0,0,0,0,0,0,0,20260503,20260628
G2604D_C1_071-03,0,0,0,0,0,0,0,20260503,20260628
G2604D_C1_072-01,0,0,0,0,0,0,0,20260503,20260628
G2604D_C1_072-02,0,0,0,0,0,0,0,20260503,20260628
G2604D_C1_072-03,0,0,0,0,0,0,0,20260503,20260628
G2604D_C1_075-01,0,0,0,0,0,0,0,20260503,20260628
G2604D_C1_075-02,0,0,0,0,0,0,0,20260503,20260628
G2604D_C1_075-03,0,0,0,0,0,0,0,20260503,20260628
G2604D_C1_075-04,0,0,0,0,0,0,0,20260503,20260628
G2604D_C1_075-05,0,0,0,0,0,0,0,20260503,20260628
G2604D_C1_075-06,0,0,0,0,0,0,0,20260503,20260628
G2604D_C1_076-01,0,0,0,0,0,0,0,20260503,20260628
G2604L_C16_001-01,0,0,0,0,0,0,0,20260511,20260630
G2604L_C16_001-02,0,0,0,0,0,0,0,20260511,20260630
G2604L_C16_001-03,0,0,0,0,0,0,0,20260511,20260630
G2604L_C16_001-04,0,0,0,0,0,0,0,20260511,20260630
G2604L_C16_001-05,0,0,0,0,0,0,0,20260511,20260630
G2604L_C16_001-06,0,0,0,0,0,0,0,20260511,20260630
G2604L_C16_001-07,0,0,0,0,0,0,0,20260511,20260630
G2604L_C16_001-08,0,0,0,0,0,0,0,20260511,20260630
G2604L_C16_001-09,0,0,0,0,0,0,0,20260511,20260630
G2604L_C16_001-10,0,0,0,0,0,0,0,20260511,20260630
G2604L_C16_001-11,0,0,0,0,0,0,0,20260511,20260630
G2604L_C16_001-12,0,0,0,0,0,0,0,20260511,20260630
G2604L_C16_001-13,0,0,0,0,0,0,0,20260511,20260630
G2604L_C16_001-14,0,0,0,0,0,0,0,20260511,20260630
G2604L_C16_001-15,0,0,0,0,0,0,0,20260511,20260630
G2604L_C16_001-16,0,0,0,0,0,0,0,20260511,20260630
G2604L_C16_001-17,0,0,0,0,0,0,0,20260511,20260630
G2604L_C16_002-01,0,0,0,0,0,0,0,20260511,20260630
G2604L_C16_002-02,0,0,0,0,0,0,0,20260511,20260630
G2604L_C16_002-03,0,0,0,0,0,0,0,20260511,20260630
G2604L_C16_002-04,0,0,0,0,0,0,0,20260511,20260630
G2604L_C16_002-05,0,0,0,0,0,0,0,20260511,20260630
G2604L_C16_003-01,0,0,0,0,0,0,0,20260511,20260630
G2604L_C16_003-02,0,0,0,0,0,0,0,20260511,20260630
G2604L_C16_003-03,0,0,0,0,0,0,0,20260511,20260630
G2604L_C16_003-04,0,0,0,0,0,0,0,20260511,20260630
G2604L_C16_003-05,0,0,0,0,0,0,0,20260511,20260630
G2604L_C16_003-06,0,0,0,0,0,0,0,20260511,20260630
G2604L_C16_003-07,0,0,0,0,0,0,0,20260511,20260630
G2604L_C16_003-08,0,0,0,0,0,0,0,20260511,20260630
G2604L_C16_003-09,0,0,0,0,0,0,0,20260511,20260630
G2604L_C16_003-10,0,0,0,0,0,0,0,20260511,20260630
G2604L_C16_003-11,0,0,0,0,0,0,0,20260511,20260630
G2604L_C16_003-12,0,0,0,0,0,0,0,20260511,20260630
G2604L_C16_004-01,0,0,0,0,0,0,0,20260511,20260630
G2604L_C16_004-02,0,0,0,0,0,0,0,20260511,20260630
G2604L_C16_004-03,0,0,0,0,0,0,0,20260511,20260630
G2604L_C16_004-04,0,0,0,0,0,0,0,20260511,20260630
G2604L_C16_004-05,0,0,0,0,0,0,0,20260511,20260630
G2604L_C16_005-01,0,0,0,0,0,0,0,20260511,20260630
G2604L_C16_005-02,0,0,0,0,0,0,0,20260511,20260630
G2604L_C16_005-03,0,0,0,0,0,0,0,20260511,20260630
G2604L_C16_007-01,0,0,0,0,0,0,0,20260511,20260630
G2604L_C16_007-02,0,0,0,0,0,0,0,20260511,20260630
G2604L_C16_007-03,0,0,0,0,0,0,0,20260511,20260630
G2604L_C16_007-04,0,0,0,0,0,0,0,20260511,20260630
G2604L_C16_007-05,0,0,0,0,0,0,0,20260511,20260630
G2604L_C16_007-06,0,0,0,0,0,0,0,20260511,20260630
G2604L_C16_007-07,0,0,0,0,0,0,0,20260511,20260630
G2604L_C16_007-08,0,0,0,0,0,0,0,20260511,20260630
G2604L_C16_007-09,0,0,0,0,0,0,0,20260511,20260630
G2604L_C16_007-10,0,0,0,0,0,0,0,20260511,20260630
G2604L_C16_007-11,0,0,0,0,0,0,0,20260511,20260630
G2604L_C16_007-12,0,0,0,0,0,0,0,20260511,20260630
G2604L_C16_007-13,0,0,0,0,0,0,0,20260511,20260630
G2604L_C16_007-14,0,0,0,0,0,0,0,20260511,20260630
G2604L_C16_008-01,0,0,0,0,0,0,0,20260511,20260630
G2604L_C16_008-02,0,0,0,0,0,0,0,20260511,20260630
G2604L_C16_008-03,0,0,0,0,0,0,0,20260511,20260630
G2604L_C16_008-04,0,0,0,0,0,0,0,20260511,20260630
G2604L_C16_008-05,0,0,0,0,0,0,0,20260511,20260630
G2604L_C16_008-06,0,0,0,0,0,0,0,20260511,20260630
G2604L_C16_008-07,0,0,0,0,0,0,0,20260511,20260630
G2604L_C16_008-08,0,0,0,0,0,0,0,20260511,20260630
G2604L_C16_008-09,0,0,0,0,0,0,0,20260511,20260630
G2604L_C16_008-10,0,0,0,0,0,0,0,20260511,20260630
G2604L_C16_008-11,0,0,0,0,0,0,0,20260511,20260630
G2604L_C16_009-01,0,0,0,0,0,0,0,20260511,20260630
G2604L_C16_009-02,0,0,0,0,0,0,0,20260511,20260630
G2604L_C16_010-01,0,0,0,0,0,0,0,20260511,20260630
G2604L_C16_010-02,0,0,0,0,0,0,0,20260511,20260630
G2604L_C16_011-01,0,0,0,0,0,0,0,20260511,20260630
G2604L_C16_011-02,0,0,0,0,0,0,0,20260511,20260630
G2604L_C16_011-03,0,0,0,0,0,0,0,20260511,20260630
G2604L_C16_011-04,0,0,0,0,0,0,0,20260511,20260630
G2604L_C16_011-05,0,0,0,0,0,0,0,20260511,20260630
G2604L_C16_011-06,0,0,0,0,0,0,0,20260511,20260630
G2604L_C16_011-07,0,0,0,0,0,0,0,20260511,20260630
G2604L_C16_011-08,0,0,0,0,0,0,0,20260511,20260630
G2604L_C16_011-09,0,0,0,0,0,0,0,20260511,20260630
G2604L_C16_011-10,0,0,0,0,0,0,0,20260511,20260630
G2604L_C16_011-11,0,0,0,0,0,0,0,20260511,20260630
G2604L_C16_011-12,0,0,0,0,0,0,0,20260511,20260630
G2604L_C16_014-01,0,0,0,0,0,0,0,20260511,20260630
G2604L_C16_014-02,0,0,0,0,0,0,0,20260511,20260630
G2604L_C16_014-03,0,0,0,0,0,0,0,20260511,20260630
G2604L_C16_014-04,0,0,0,0,0,0,0,20260511,20260630
G2604L_C16_014-05,0,0,0,0,0,0,0,20260511,20260630
G2604L_C16_015-01,0,0,0,0,0,0,0,20260511,20260630
G2604L_C16_015-02,0,0,0,0,0,0,0,20260511,20260630
G2604L_C16_015-03,0,0,0,0,0,0,0,20260511,20260630
G2604L_C16_015-04,0,0,0,0,0,0,0,20260511,20260630
G2604L_C16_015-05,0,0,0,0,0,0,0,20260511,20260630
G2604L_C16_015-06,0,0,0,0,0,0,0,20260511,20260630
G2604L_C16_015-07,0,0,0,0,0,0,0,20260511,20260630
G2604L_C16_015-08,0,0,0,0,0,0,0,20260511,20260630
G2604L_C16_015-09,0,0,0,0,0,0,0,20260511,20260630
G2604L_C16_015-10,0,0,0,0,0,0,0,20260511,20260630
G2604L_C16_015-11,0,0,0,0,0,0,0,20260511,20260630
G2604L_C16_015-12,0,0,0,0,0,0,0,20260511,20260630
G2604L_C16_015-13,0,0,0,0,0,0,0,20260511,20260630
G2604L_C16_015-14,0,0,0,0,0,0,0,20260511,20260630
G2604L_C16_015-15,0,0,0,0,0,0,0,20260511,20260630
G2604L_C16_015-16,0,0,0,0,0,0,0,20260511,20260630
G2604L_C16_017-01,0,0,0,0,0,0,0,20260511,20260630
G2604L_C16_017-02,0,0,0,0,0,0,0,20260511,20260630
G2604L_C16_017-03,0,0,0,0,0,0,0,20260511,20260630
G2604L_C16_017-04,0,0,0,0,0,0,0,20260511,20260630
G2604L_C16_017-05,0,0,0,0,0,0,0,20260511,20260630
G2604L_C16_018-01,0,0,0,0,0,0,0,20260511,20260630
G2604L_C16_018-02,0,0,0,0,0,0,0,20260511,20260630
G2604L_C16_018-03,0,0,0,0,0,0,0,20260511,20260630
G2604L_C16_018-04,0,0,0,0,0,0,0,20260511,20260630
G2604L_C16_018-05,0,0,0,0,0,0,0,20260511,20260630
G2604L_C16_018-06,0,0,0,0,0,0,0,20260511,20260630
G2604L_C16_018-07,0,0,0,0,0,0,0,20260511,20260630
G2604L_C16_018-08,0,0,0,0,0,0,0,20260511,20260630
G2604L_C16_018-09,0,0,0,0,0,0,0,20260511,20260630
G2604L_C16_019-01,0,0,0,0,0,0,0,20260511,20260630
G2604L_C16_019-02,0,0,0,0,0,0,0,20260511,20260630
G2604L_C16_019-03,0,0,0,0,0,0,0,20260511,20260630
G2604L_C16_019-04,0,0,0,0,0,0,0,20260511,20260630
G2604L_C16_019-05,0,0,0,0,0,0,0,20260511,20260630
G2604L_C16_020-01,0,0,0,0,0,0,0,20260511,20260630
G2604L_C16_020-02,0,0,0,0,0,0,0,20260511,20260630
G2604L_C16_020-03,0,0,0,0,0,0,0,20260511,20260630
G2604L_C16_020-04,0,0,0,0,0,0,0,20260511,20260630
G2604L_C16_020-05,0,0,0,0,0,0,0,20260511,20260630
G2604L_C16_020-06,0,0,0,0,0,0,0,20260511,20260630
G2604L_C16_020-07,0,0,0,0,0,0,0,20260511,20260630
G2604L_C16_020-08,0,0,0,0,0,0,0,20260511,20260630
G2604L_C16_020-09,0,0,0,0,0,0,0,20260511,20260630
G2604L_C16_020-10,0,0,0,0,0,0,0,20260511,20260630
G2604L_C16_020-11,0,0,0,0,0,0,0,20260511,20260630
G2604L_C16_021-01,0,0,0,0,0,0,0,20260511,20260630
G2604L_C16_021-02,0,0,0,0,0,0,0,20260511,20260630
G2604L_C16_021-03,0,0,0,0,0,0,0,20260511,20260630
G2604L_C16_021-04,0,0,0,0,0,0,0,20260511,20260630
G2604L_C16_021-05,0,0,0,0,0,0,0,20260511,20260630
G2604L_C16_021-06,0,0,0,0,0,0,0,20260511,20260630
G2604L_C16_021-07,0,0,0,0,0,0,0,20260511,20260630
G2604L_C16_021-08,0,0,0,0,0,0,0,20260511,20260630
G2604L_C16_021-09,0,0,0,0,0,0,0,20260511,20260630
G2604L_C16_021-10,0,0,0,0,0,0,0,20260511,20260630
G2604L_C16_021-11,0,0,0,0,0,0,0,20260511,20260630
G2604L_C16_021-12,0,0,0,0,0,0,0,20260511,20260630
G2604L_C16_022-01,0,0,0,0,0,0,0,20260511,20260630
G2604L_C16_022-02,0,0,0,0,0,0,0,20260511,20260630
G2604L_C16_022-03,0,0,0,0,0,0,0,20260511,20260630
G2604L_C16_022-04,0,0,0,0,0,0,0,20260511,20260630
G2604L_C16_022-05,0,0,0,0,0,0,0,20260511,20260630
G2604L_C16_022-06,0,0,0,0,0,0,0,20260511,20260630
G2604L_C16_022-07,0,0,0,0,0,0,0,20260511,20260630
G2604L_C16_022-08,0,0,0,0,0,0,0,20260511,20260630
G2604L_C16_023-01,0,0,0,0,0,0,0,20260511,20260630
G2604L_C16_023-02,0,0,0,0,0,0,0,20260511,20260630
G2604L_C16_023-03,0,0,0,0,0,0,0,20260511,20260630
G2604L_C16_023-04,0,0,0,0,0,0,0,20260511,20260630
G2604L_C16_025-01,0,0,0,0,0,0,0,20260511,20260630
G2604L_C16_025-02,0,0,0,0,0,0,0,20260511,20260630
G2604L_C16_025-03,0,0,0,0,0,0,0,20260511,20260630
G2604L_C16_025-04,0,0,0,0,0,0,0,20260511,20260630
G2604L_C16_025-05,0,0,0,0,0,0,0,20260511,20260630
G2604L_C16_025-06,0,0,0,0,0,0,0,20260511,20260630
G2604L_C16_025-07,0,0,0,0,0,0,0,20260511,20260630
G2604L_C16_025-08,0,0,0,0,0,0,0,20260511,20260630
G2604L_C16_025-09,0,0,0,0,0,0,0,20260511,20260630
G2604L_C16_025-10,0,0,0,0,0,0,0,20260511,20260630
G2604L_C16_025-11,0,0,0,0,0,0,0,20260511,20260630
G2604L_C16_025-12,0,0,0,0,0,0,0,20260511,20260630
G2604L_C16_025-13,0,0,0,0,0,0,0,20260511,20260630
G2604L_C16_025-14,0,0,0,0,0,0,0,20260511,20260630
G2604L_C16_027-01,0,0,0,0,0,0,0,20260511,20260630
G2604L_C16_028-01,0,0,0,0,0,0,0,20260511,20260630
G2604L_C16_029-01,0,0,0,0,0,0,0,20260511,20260630
G2604L_C16_029-02,0,0,0,0,0,0,0,20260511,20260630
G2604L_C16_030-01,0,0,0,0,0,0,0,20260511,20260630
G2604L_C16_031-01,0,0,0,0,0,0,0,20260511,20260630
G2604L_C16_031-02,0,0,0,0,0,0,0,20260511,20260630
G2604L_C16_031-03,0,0,0,0,0,0,0,20260511,20260630
G2604L_C16_031-04,0,0,0,0,0,0,0,20260511,20260630
G2604L_C16_032-01,0,0,0,0,0,0,0,20260511,20260630
G2604L_C16_032-02,0,0,0,0,0,0,0,20260511,20260630
G2604L_C16_032-03,0,0,0,0,0,0,0,20260511,20260630
G2604L_C16_032-04,0,0,0,0,0,0,0,20260511,20260630
G2604L_C16_033-01,0,0,0,0,0,0,0,20260511,20260630
G2604L_C16_033-02,0,0,0,0,0,0,0,20260511,20260630
G2604L_C16_033-03,0,0,0,0,0,0,0,20260511,20260630
G2604L_C16_033-04,0,0,0,0,0,0,0,20260511,20260630
G2604L_C16_034-01,0,0,0,0,0,0,0,20260511,20260630
G2604L_C16_034-02,0,0,0,0,0,0,0,20260511,20260630
G2604L_C16_034-03,0,0,0,0,0,0,0,20260511,20260630
G2604L_C16_035-01,0,0,0,0,0,0,0,20260511,20260630
G2604L_C16_036-01,0,0,0,0,0,0,0,20260511,20260630
G2604L_C16_037-01,0,0,0,0,0,0,0,20260511,20260630
G2604L_C16_037-02,0,0,0,0,0,0,0,20260511,20260630
G2604L_C16_037-03,0,0,0,0,0,0,0,20260511,20260630
G2604L_C16_038-01,0,0,0,0,0,0,0,20260511,20260630
G2604L_C16_038-02,0,0,0,0,0,0,0,20260511,20260630
G2604L_C16_040-01,0,0,0,0,0,0,0,20260511,20260630
G2604L_C16_041-01,0,0,0,0,0,0,0,20260511,20260630
G2604L_C16_041-02,0,0,0,0,0,0,0,20260511,20260630
G2604L_C16_041-03,0,0,0,0,0,0,0,20260511,20260630
G2604L_C16_041-04,0,0,0,0,0,0,0,20260511,20260630
G2604L_C16_041-05,0,0,0,0,0,0,0,20260511,20260630
G2604L_C16_042-01,0,0,0,0,0,0,0,20260511,20260630
G2604L_C16_043-01,0,0,0,0,0,0,0,20260511,20260630
G2604L_C16_044-01,0,0,0,0,0,0,0,20260511,20260630
G2604L_C16_044-02,0,0,0,0,0,0,0,20260511,20260630
G2604L_C16_044-03,0,0,0,0,0,0,0,20260511,20260630
G2604L_C16_049-01,0,0,0,0,0,0,0,20260511,20260630
G2604L_C16_049-02,0,0,0,0,0,0,0,20260511,20260630
G2604L_C16_049-03,0,0,0,0,0,0,0,20260511,20260630
G2604L_C16_062-01,0,0,0,0,0,0,0,20260511,20260630
G2604L_C16_062-02,0,0,0,0,0,0,0,20260511,20260630
G2604L_C16_062-03,0,0,0,0,0,0,0,20260511,20260630
G2604L_C16_065-01,0,0,0,0,0,0,0,20260511,20260630
G2604L_C16_065-02,0,0,0,0,0,0,0,20260511,20260630
G2604L_C16_065-03,0,0,0,0,0,0,0,20260511,20260630
G2604L_C16_065-04,0,0,0,0,0,0,0,20260511,20260630
G2604L_C16_070-01,0,0,0,0,0,0,0,20260511,20260630
G2604L_C16_070-02,0,0,0,0,0,0,0,20260511,20260630
G2604L_C16_070-03,0,0,0,0,0,0,0,20260511,20260630
G2604L_C16_070-04,0,0,0,0,0,0,0,20260511,20260630
G2604L_C16_071-01,0,0,0,0,0,0,0,20260511,20260630
G2604L_C16_071-02,0,0,0,0,0,0,0,20260511,20260630
G2604L_C16_071-03,0,0,0,0,0,0,0,20260511,20260630
G2604L_C16_071-04,0,0,0,0,0,0,0,20260511,20260630
G2604L_C16_071-05,0,0,0,0,0,0,0,20260511,20260630
G2604L_C16_072-01,0,0,0,0,0,0,0,20260511,20260630
G2604L_C16_072-02,0,0,0,0,0,0,0,20260511,20260630
G2604L_C16_072-03,0,0,0,0,0,0,0,20260511,20260630
G2604L_C16_072-04,0,0,0,0,0,0,0,20260511,20260630
G2604L_C16_072-05,0,0,0,0,0,0,0,20260511,20260630
G2604L_C16_073-01,0,0,0,0,0,0,0,20260511,20260630
G2604L_C16_073-02,0,0,0,0,0,0,0,20260511,20260630
G2604L_C16_075-01,0,0,0,0,0,0,0,20260511,20260630
G2604L_C16_075-02,0,0,0,0,0,0,0,20260511,20260630
G2604L_C16_075-03,0,0,0,0,0,0,0,20260511,20260630
G2604L_C16_075-04,0,0,0,0,0,0,0,20260511,20260630
G2604L_C16_076-01,0,0,0,0,0,0,0,20260511,20260630
G2604L_C16_078-01,0,0,0,0,0,0,0,20260511,20260630
G2605S_D3_001-01,0,0,0,0,0,0,0,20260502,20260627
G2605S_D3_001-02,0,0,0,0,0,0,0,20260502,20260627
G2605S_D3_001-03,0,0,0,0,0,0,0,20260502,20260627
G2605S_D3_001-04,0,0,0,0,0,0,0,20260502,20260627
G2605S_D3_001-05,0,0,0,0,0,0,0,20260502,20260627
G2605S_D3_001-06,0,0,0,0,0,0,0,20260502,20260627
G2605S_D3_001-07,0,0,0,0,0,0,0,20260502,20260627
G2605S_D3_001-08,0,0,0,0,0,0,0,20260502,20260627
G2605S_D3_001-09,0,0,0,0,0,0,0,20260502,20260627
G2605S_D3_001-10,0,0,0,0,0,0,0,20260502,20260627
G2605S_D3_001-11,0,0,0,0,0,0,0,20260502,20260627
G2605S_D3_001-12,0,0,0,0,0,0,0,20260502,20260627
G2605S_D3_001-13,0,0,0,0,0,0,0,20260502,20260627
G2605S_D3_001-14,0,0,0,0,0,0,0,20260502,20260627
G2605S_D3_002-01,0,0,0,0,0,0,0,20260502,20260627
G2605S_D3_002-02,0,0,0,0,0,0,0,20260502,20260627
G2605S_D3_002-03,0,0,0,0,0,0,0,20260502,20260627
G2605S_D3_002-04,0,0,0,0,0,0,0,20260502,20260627
G2605S_D3_002-05,0,0,0,0,0,0,0,20260502,20260627
G2605S_D3_003-01,0,0,0,0,0,0,0,20260502,20260627
G2605S_D3_003-02,0,0,0,0,0,0,0,20260502,20260627
G2605S_D3_003-03,0,0,0,0,0,0,0,20260502,20260627
G2605S_D3_003-04,0,0,0,0,0,0,0,20260502,20260627
G2605S_D3_003-05,0,0,0,0,0,0,0,20260502,20260627
G2605S_D3_003-06,0,0,0,0,0,0,0,20260502,20260627
G2605S_D3_003-07,0,0,0,0,0,0,0,20260502,20260627
G2605S_D3_003-08,0,0,0,0,0,0,0,20260502,20260627
G2605S_D3_004-01,0,0,0,0,0,0,0,20260502,20260627
G2605S_D3_004-02,0,0,0,0,0,0,0,20260502,20260627
G2605S_D3_004-03,0,0,0,0,0,0,0,20260502,20260627
G2605S_D3_004-04,0,0,0,0,0,0,0,20260502,20260627
G2605S_D3_005-01,0,0,0,0,0,0,0,20260502,20260627
G2605S_D3_005-02,0,0,0,0,0,0,0,20260502,20260627
G2605S_D3_005-03,0,0,0,0,0,0,0,20260502,20260627
G2605S_D3_007-01,0,0,0,0,0,0,0,20260502,20260627
G2605S_D3_007-02,0,0,0,0,0,0,0,20260502,20260627
G2605S_D3_007-03,0,0,0,0,0,0,0,20260502,20260627
G2605S_D3_007-04,0,0,0,0,0,0,0,20260502,20260627
G2605S_D3_007-05,0,0,0,0,0,0,0,20260502,20260627
G2605S_D3_007-06,0,0,0,0,0,0,0,20260502,20260627
G2605S_D3_007-07,0,0,0,0,0,0,0,20260502,20260627
G2605S_D3_007-08,0,0,0,0,0,0,0,20260502,20260627
G2605S_D3_007-09,0,0,0,0,0,0,0,20260502,20260627
G2605S_D3_007-10,0,0,0,0,0,0,0,20260502,20260627
G2605S_D3_008-01,0,0,0,0,0,0,0,20260502,20260627
G2605S_D3_008-02,0,0,0,0,0,0,0,20260502,20260627
G2605S_D3_008-03,0,0,0,0,0,0,0,20260502,20260627
G2605S_D3_008-04,0,0,0,0,0,0,0,20260502,20260627
G2605S_D3_008-05,0,0,0,0,0,0,0,20260502,20260627
G2605S_D3_008-06,0,0,0,0,0,0,0,20260502,20260627
G2605S_D3_008-07,0,0,0,0,0,0,0,20260502,20260627
G2605S_D3_008-08,0,0,0,0,0,0,0,20260502,20260627
G2605S_D3_009-01,0,0,0,0,0,0,0,20260502,20260627
G2605S_D3_010-01,0,0,0,0,0,0,0,20260502,20260627
G2605S_D3_010-02,0,0,0,0,0,0,0,20260502,20260627
G2605S_D3_011-01,0,0,0,0,0,0,0,20260502,20260627
G2605S_D3_011-02,0,0,0,0,0,0,0,20260502,20260627
G2605S_D3_011-03,0,0,0,0,0,0,0,20260502,20260627
G2605S_D3_011-04,0,0,0,0,0,0,0,20260502,20260627
G2605S_D3_011-05,0,0,0,0,0,0,0,20260502,20260627
G2605S_D3_011-06,0,0,0,0,0,0,0,20260502,20260627
G2605S_D3_011-07,0,0,0,0,0,0,0,20260502,20260627
G2605S_D3_011-08,0,0,0,0,0,0,0,20260502,20260627
G2605S_D3_014-01,0,0,0,0,0,0,0,20260502,20260627
G2605S_D3_014-02,0,0,0,0,0,0,0,20260502,20260627
G2605S_D3_014-03,0,0,0,0,0,0,0,20260502,20260627
G2605S_D3_014-04,0,0,0,0,0,0,0,20260502,20260627
G2605S_D3_014-05,0,0,0,0,0,0,0,20260502,20260627
G2605S_D3_015-01,0,0,0,0,0,0,0,20260502,20260627
G2605S_D3_015-02,0,0,0,0,0,0,0,20260502,20260627
G2605S_D3_015-03,0,0,0,0,0,0,0,20260502,20260627
G2605S_D3_015-04,0,0,0,0,0,0,0,20260502,20260627
G2605S_D3_015-05,0,0,0,0,0,0,0,20260502,20260627
G2605S_D3_015-06,0,0,0,0,0,0,0,20260502,20260627
G2605S_D3_015-07,0,0,0,0,0,0,0,20260502,20260627
G2605S_D3_015-08,0,0,0,0,0,0,0,20260502,20260627
G2605S_D3_015-09,0,0,0,0,0,0,0,20260502,20260627
G2605S_D3_015-10,0,0,0,0,0,0,0,20260502,20260627
G2605S_D3_015-11,0,0,0,0,0,0,0,20260502,20260627
G2605S_D3_017-01,0,0,0,0,0,0,0,20260502,20260627
G2605S_D3_017-02,0,0,0,0,0,0,0,20260502,20260627
G2605S_D3_017-03,0,0,0,0,0,0,0,20260502,20260627
G2605S_D3_017-04,0,0,0,0,0,0,0,20260502,20260627
G2605S_D3_018-01,0,0,0,0,0,0,0,20260502,20260627
G2605S_D3_018-02,0,0,0,0,0,0,0,20260502,20260627
G2605S_D3_018-03,0,0,0,0,0,0,0,20260502,20260627
G2605S_D3_019-01,0,0,0,0,0,0,0,20260502,20260627
G2605S_D3_019-02,0,0,0,0,0,0,0,20260502,20260627
G2605S_D3_019-03,0,0,0,0,0,0,0,20260502,20260627
G2605S_D3_020-01,0,0,0,0,0,0,0,20260502,20260627
G2605S_D3_020-02,0,0,0,0,0,0,0,20260502,20260627
G2605S_D3_020-03,0,0,0,0,0,0,0,20260502,20260627
G2605S_D3_020-04,0,0,0,0,0,0,0,20260502,20260627
G2605S_D3_020-05,0,0,0,0,0,0,0,20260502,20260627
G2605S_D3_020-06,0,0,0,0,0,0,0,20260502,20260627
G2605S_D3_020-07,0,0,0,0,0,0,0,20260502,20260627
G2605S_D3_020-08,0,0,0,0,0,0,0,20260502,20260627
G2605S_D3_021-01,0,0,0,0,0,0,0,20260502,20260627
G2605S_D3_021-02,0,0,0,0,0,0,0,20260502,20260627
G2605S_D3_021-03,0,0,0,0,0,0,0,20260502,20260627
G2605S_D3_021-04,0,0,0,0,0,0,0,20260502,20260627
G2605S_D3_021-05,0,0,0,0,0,0,0,20260502,20260627
G2605S_D3_021-06,0,0,0,0,0,0,0,20260502,20260627
G2605S_D3_022-01,0,0,0,0,0,0,0,20260502,20260627
G2605S_D3_022-02,0,0,0,0,0,0,0,20260502,20260627
G2605S_D3_022-03,0,0,0,0,0,0,0,20260502,20260627
G2605S_D3_022-04,0,0,0,0,0,0,0,20260502,20260627
G2605S_D3_023-01,0,0,0,0,0,0,0,20260502,20260627
G2605S_D3_023-02,0,0,0,0,0,0,0,20260502,20260627
G2605S_D3_023-03,0,0,0,0,0,0,0,20260502,20260627
G2605S_D3_023-04,0,0,0,0,0,0,0,20260502,20260627
G2605S_D3_025-01,0,0,0,0,0,0,0,20260502,20260627
G2605S_D3_025-02,0,0,0,0,0,0,0,20260502,20260627
G2605S_D3_025-03,0,0,0,0,0,0,0,20260502,20260627
G2605S_D3_025-04,0,0,0,0,0,0,0,20260502,20260627
G2605S_D3_025-05,0,0,0,0,0,0,0,20260502,20260627
G2605S_D3_025-06,0,0,0,0,0,0,0,20260502,20260627
G2605S_D3_027-01,0,0,0,0,0,0,0,20260502,20260627
G2605S_D3_028-01,0,0,0,0,0,0,0,20260502,20260627
G2605S_D3_030-01,0,0,0,0,0,0,0,20260502,20260627
G2605S_D3_031-01,0,0,0,0,0,0,0,20260502,20260627
G2605S_D3_031-02,0,0,0,0,0,0,0,20260502,20260627
G2605S_D3_031-03,0,0,0,0,0,0,0,20260502,20260627
G2605S_D3_032-01,0,0,0,0,0,0,0,20260502,20260627
G2605S_D3_032-02,0,0,0,0,0,0,0,20260502,20260627
G2605S_D3_033-01,0,0,0,0,0,0,0,20260502,20260627
G2605S_D3_033-02,0,0,0,0,0,0,0,20260502,20260627
G2605S_D3_034-01,0,0,0,0,0,0,0,20260502,20260627
G2605S_D3_035-01,0,0,0,0,0,0,0,20260502,20260627
G2605S_D3_035-02,0,0,0,0,0,0,0,20260502,20260627
G2605S_D3_036-01,0,0,0,0,0,0,0,20260502,20260627
G2605S_D3_037-01,0,0,0,0,0,0,0,20260502,20260627
G2605S_D3_038-01,0,0,0,0,0,0,0,20260502,20260627
G2605S_D3_038-02,0,0,0,0,0,0,0,20260502,20260627
G2605S_D3_041-01,0,0,0,0,0,0,0,20260502,20260627
G2605S_D3_041-02,0,0,0,0,0,0,0,20260502,20260627
G2605S_D3_041-03,0,0,0,0,0,0,0,20260502,20260627
G2605S_D3_041-04,0,0,0,0,0,0,0,20260502,20260627
G2605S_D3_041-05,0,0,0,0,0,0,0,20260502,20260627
G2605S_D3_041-06,0,0,0,0,0,0,0,20260502,20260627
G2605S_D3_042-01,0,0,0,0,0,0,0,20260502,20260627
G2605S_D3_043-01,0,0,0,0,0,0,0,20260502,20260627
G2605S_D3_044-01,0,0,0,0,0,0,0,20260502,20260627
G2605S_D3_044-02,0,0,0,0,0,0,0,20260502,20260627
G2605S_D3_044-03,0,0,0,0,0,0,0,20260502,20260627
G2605S_D3_049-01,0,0,0,0,0,0,0,20260502,20260627
G2605S_D3_049-02,0,0,0,0,0,0,0,20260502,20260627
G2605S_D3_049-03,0,0,0,0,0,0,0,20260502,20260627
G2605S_D3_062-01,0,0,0,0,0,0,0,20260502,20260627
G2605S_D3_071-01,0,0,0,0,0,0,0,20260502,20260627
G2605S_D3_071-02,0,0,0,0,0,0,0,20260502,20260627
G2605S_D3_071-03,0,0,0,0,0,0,0,20260502,20260627
G2605S_D3_072-01,0,0,0,0,0,0,0,20260502,20260627
G2605S_D3_072-02,0,0,0,0,0,0,0,20260502,20260627
G2605S_D3_072-03,0,0,0,0,0,0,0,20260502,20260627
G2605S_D3_073-01,0,0,0,0,0,0,0,20260502,20260627
G2605S_D3_075-01,0,0,0,0,0,0,0,20260502,20260627
G2605S_D3_075-02,0,0,0,0,0,0,0,20260502,20260627
G2605S_D3_075-03,0,0,0,0,0,0,0,20260502,20260627
G2605S_D3_075-04,0,0,0,0,0,0,0,20260502,20260627
G2605S_D3_075-05,0,0,0,0,0,0,0,20260502,20260627
G2605S_D3_075-06,0,0,0,0,0,0,0,20260502,20260627
G2605S_D3_076-01,0,0,0,0,0,0,0,20260502,20260627
